{
  "hash": "92eeab1d",
  "configHash": "aea62686",
  "lockfileHash": "dd34c018",
  "browserHash": "eabc3684",
  "optimized": {
    "@angular/core": {
      "src": "../../../../../node_modules/@angular/core/fesm2022/core.mjs",
      "file": "@angular_core.js",
      "fileHash": "b0c6e268",
      "needsInterop": false
    },
    "@angular/platform-browser": {
      "src": "../../../../../node_modules/@angular/platform-browser/fesm2022/platform-browser.mjs",
      "file": "@angular_platform-browser.js",
      "fileHash": "e18312d6",
      "needsInterop": false
    },
    "@angular/router": {
      "src": "../../../../../node_modules/@angular/router/fesm2022/router.mjs",
      "file": "@angular_router.js",
      "fileHash": "7ba734a9",
      "needsInterop": false
    },
    "@angular/common": {
      "src": "../../../../../node_modules/@angular/common/fesm2022/common.mjs",
      "file": "@angular_common.js",
      "fileHash": "09a994a9",
      "needsInterop": false
    },
    "@angular/forms": {
      "src": "../../../../../node_modules/@angular/forms/fesm2022/forms.mjs",
      "file": "@angular_forms.js",
      "fileHash": "352d0281",
      "needsInterop": false
    }
  },
  "chunks": {
    "chunk-XSR3ZWI4": {
      "file": "chunk-XSR3ZWI4.js"
    },
    "chunk-PDERP6EP": {
      "file": "chunk-PDERP6EP.js"
    },
    "chunk-LMD6HBRU": {
      "file": "chunk-LMD6HBRU.js"
    }
  }
}